id,class
1,E
3,G
5,F
7,F
9,G
11,G
13,F
15,G
17,G
19,G
21,F
23,F
25,B
27,G
29,G
31,E
33,F
35,G
37,F
39,E
41,G
43,F
45,F
47,E
49,F
51,G
53,D
55,E
57,A
59,G
61,G
63,A
65,F
67,D
69,G
71,F
73,F
75,F
77,F
79,D
81,G
83,G
85,F
87,F
89,G
91,G
93,F
95,G
97,G
99,D
101,F
103,E
105,F
107,F
109,G
111,G
113,F
115,F
117,F
119,D
121,F
123,G
125,G
127,G
129,F
131,G
133,E
135,G
137,G
139,G
141,B
143,F
145,G
147,F
149,F
151,F
153,G
155,G
157,D
159,G
161,F
163,F
165,G
167,G
169,F
171,G
173,F
175,F
177,A
179,G
181,G
183,F
185,F
187,G
189,F
191,G
193,E
195,G
197,F
199,E
201,F
203,G
205,F
207,G
209,F
211,D
213,F
215,D
217,F
219,G
221,G
223,E
225,E
227,G
229,E
231,F
233,G
235,G
237,G
239,G
241,G
243,E
245,E
247,G
249,G
251,G
253,F
255,G
257,F
259,G
261,G
263,G
265,F
267,G
269,G
271,D
273,G
275,F
277,F
279,F
281,F
283,G
285,G
287,E
289,F
291,G
293,D
295,F
297,G
299,G
301,F
303,F
305,G
307,G
309,D
311,F
313,G
315,F
317,G
319,G
321,G
323,G
325,E
327,F
329,G
331,F
333,G
335,G
337,F
339,E
341,G
343,F
345,G
347,G
349,F
351,F
353,G
355,F
357,G
359,E
361,G
363,G
365,G
367,G
369,D
371,D
373,G
375,A
377,F
379,G
381,G
383,F
385,F
387,G
389,G
391,D
393,F
395,E
397,D
399,F
401,G
403,F
405,G
407,G
409,D
411,G
413,G
415,G
417,F
419,F
421,G
423,G
425,G
427,D
429,F
431,E
433,G
435,G
437,G
439,G
441,G
443,E
445,G
447,G
449,D
451,E
453,F
455,G
457,G
459,F
461,F
463,G
465,G
467,E
469,F
471,F
473,F
475,A
477,G
479,G
481,G
483,G
485,G
487,D
489,F
491,F
493,E
495,G
497,F
499,G
501,G
503,G
505,G
507,E
509,G
511,G
513,G
515,G
517,G
519,G
521,E
523,F
525,G
527,G
529,F
531,G
533,G
535,G
537,G
539,F
541,D
543,G
545,E
547,F
549,F
551,F
553,G
555,F
557,G
559,F
561,G
563,F
565,E
567,G
569,E
571,E
573,D
575,G
577,G
579,E
581,G
583,E
585,G
587,G
589,G
591,G
593,G
595,G
597,F
599,D
601,E
603,F
605,G
607,A
609,F
611,F
613,F
615,G
617,D
619,F
621,G
623,F
625,E
627,G
629,G
631,G
633,F
635,D
637,G
639,F
641,E
643,G
645,G
647,F
649,G
651,F
653,E
655,G
657,G
659,G
661,F
663,G
665,D
667,G
669,G
671,G
673,F
675,G
677,G
679,F
681,F
683,G
685,E
687,D
689,E
691,D
693,G
695,G
697,G
699,G
701,G
703,E
705,F
707,G
709,F
711,A
713,G
715,F
717,D
719,G
721,F
723,F
725,F
727,G
729,F
731,F
733,G
735,E
737,F
739,E
741,D
743,G
745,F
747,F
749,D
751,D
753,F
755,F
757,G
759,F
761,D
763,E
765,E
767,G
769,A
771,E
773,B
775,G
777,E
779,F
781,G
783,G
785,F
787,G
789,F
791,F
793,F
795,A
797,G
799,G
801,B
803,G
805,G
807,G
809,G
811,F
813,D
815,G
817,G
819,E
821,D
823,F
825,F
827,F
829,F
831,F
833,A
835,F
837,G
839,G
841,G
843,G
845,G
847,G
849,F
851,G
853,F
855,F
857,G
859,D
861,G
863,F
865,D
867,G
869,F
871,G
873,D
875,F
877,G
879,A
881,F
883,G
885,E
887,G
889,F
891,E
893,G
895,G
897,D
899,G
901,G
903,G
905,F
907,G
909,G
911,G
913,G
915,F
917,G
919,G
921,E
923,F
925,F
927,C
929,F
931,G
933,G
935,G
937,G
939,F
941,F
943,G
945,D
947,D
949,F
951,F
953,G
955,G
957,G
959,G
961,F
963,F
965,D
967,G
969,F
971,G
973,E
975,G
977,G
979,F
981,F
983,F
985,G
987,F
989,C
991,F
993,G
995,G
997,F
999,G
1001,G
1003,F
1005,E
1007,E
1009,G
1011,G
1013,G
1015,G
1017,G
1019,F
1021,E
1023,F
1025,D
1027,F
1029,G
1031,F
1033,G
1035,G
1037,G
1039,B
1041,G
1043,G
1045,G
1047,D
1049,F
1051,F
1053,E
1055,A
1057,G
1059,F
1061,F
1063,G
1065,F
1067,G
1069,F
1071,G
1073,F
1075,G
1077,G
1079,F
1081,D
1083,G
1085,F
1087,F
1089,D
1091,F
1093,F
1095,G
1097,G
1099,F
1101,F
1103,G
1105,G
1107,F
1109,G
1111,A
1113,G
1115,G
1117,A
1119,F
1121,E
1123,E
1125,F
1127,G
1129,F
1131,G
1133,G
1135,F
1137,G
1139,F
1141,F
1143,G
1145,F
1147,D
1149,G
1151,D
1153,F
1155,F
1157,E
1159,G
1161,G
1163,F
1165,F
1167,E
1169,F
1171,F
1173,G
1175,G
1177,G
1179,G
1181,G
1183,F
1185,C
1187,F
1189,G
1191,G
1193,G
1195,G
1197,G
1199,G
1201,G
1203,F
1205,G
1207,G
1209,F
1211,A
1213,G
1215,D
1217,G
1219,G
1221,G
1223,G
1225,G
1227,A
1229,G
1231,G
1233,F
1235,G
1237,F
1239,D
1241,G
1243,F
1245,F
1247,G
1249,G
1251,G
1253,G
1255,G
1257,G
1259,A
1261,F
1263,E
1265,E
1267,G
1269,F
1271,G
1273,G
1275,G
1277,F
1279,F
1281,G
1283,G
1285,G
1287,G
1289,G
1291,D
1293,F
1295,F
1297,F
1299,F
1301,F
1303,F
1305,G
1307,G
1309,G
1311,F
1313,F
1315,F
1317,F
1319,E
1321,F
1323,G
1325,G
1327,G
1329,G
1331,G
1333,F
1335,F
1337,G
1339,D
1341,A
1343,G
1345,F
1347,F
1349,G
1351,G
1353,E
1355,G
1357,G
1359,F
1361,G
1363,E
1365,G
1367,F
1369,G
1371,G
1373,F
1375,F
1377,G
1379,F
1381,G
1383,F
1385,A
1387,G
1389,G
1391,E
1393,G
1395,D
1397,G
1399,A
1401,F
1403,D
1405,G
1407,G
1409,G
1411,F
1413,F
1415,G
1417,F
1419,F
1421,G
1423,G
1425,G
1427,G
1429,G
1431,F
1433,F
1435,G
1437,D
1439,D
1441,G
1443,G
1445,G
1447,G
1449,G
1451,G
1453,G
1455,F
1457,F
1459,G
1461,F
1463,E
1465,F
1467,G
1469,F
1471,G
1473,G
1475,G
1477,G
1479,F
1481,D
1483,F
1485,F
1487,F
1489,F
1491,G
1493,G
1495,B
1497,G
1499,G
1501,G
1503,F
1505,G
1507,E
1509,G
1511,G
1513,G
1515,G
1517,G
1519,E
1521,F
1523,G
1525,F
1527,D
1529,E
1531,E
1533,F
1535,D
1537,G
1539,G
1541,F
1543,F
1545,G
1547,E
1549,G
1551,G
1553,F
1555,F
1557,F
1559,F
1561,G
1563,F
1565,G
1567,F
1569,G
1571,F
1573,G
1575,G
1577,F
1579,F
1581,F
1583,F
1585,G
1587,F
1589,G
1591,F
1593,E
1595,G
1597,F
1599,E
1601,G
1603,F
1605,F
1607,G
1609,G
1611,F
1613,G
1615,G
1617,F
1619,G
1621,G
1623,D
1625,F
1627,G
1629,G
1631,F
1633,F
1635,F
1637,G
1639,G
1641,E
1643,G
1645,G
1647,F
1649,G
1651,G
1653,G
1655,G
1657,G
1659,G
1661,G
1663,E
1665,G
1667,E
1669,G
1671,F
1673,F
1675,G
1677,F
1679,G
1681,G
1683,G
1685,B
1687,F
1689,F
1691,F
1693,G
1695,F
1697,F
1699,G
1701,G
1703,G
1705,E
1707,G
1709,G
1711,G
1713,F
1715,G
1717,F
1719,G
1721,G
1723,F
1725,G
1727,F
1729,G
1731,D
1733,D
1735,F
1737,E
1739,F
1741,G
1743,F
1745,G
1747,F
1749,F
1751,A
1753,G
1755,F
1757,C
1759,F
1761,F
1763,E
1765,D
1767,F
1769,A
1771,D
1773,G
1775,G
1777,E
1779,G
1781,F
1783,G
1785,G
1787,G
1789,G
1791,E
1793,F
1795,G
1797,G
1799,G
1801,G
1803,G
1805,D
1807,F
1809,G
1811,D
1813,E
1815,G
1817,F
1819,G
1821,G
1823,F
1825,G
1827,G
1829,F
1831,F
1833,G
1835,G
1837,G
1839,F
1841,G
1843,G
1845,G
1847,F
1849,G
1851,G
1853,G
1855,G
1857,G
1859,F
1861,G
1863,G
1865,E
1867,F
1869,G
1871,F
1873,F
1875,G
1877,G
1879,D
1881,E
1883,F
1885,G
1887,G
1889,F
1891,G
1893,G
1895,G
1897,F
1899,D
1901,F
1903,F
1905,G
1907,G
1909,G
1911,G
1913,G
1915,F
1917,F
1919,G
1921,F
1923,F
1925,C
1927,G
1929,G
1931,G
1933,G
1935,F
1937,D
1939,G
1941,F
1943,F
1945,G
1947,E
1949,G
1951,F
1953,G
1955,F
1957,G
1959,G
1961,G
1963,F
1965,G
1967,D
1969,G
1971,D
1973,G
1975,F
1977,D
1979,E
1981,G
1983,G
1985,G
1987,E
1989,G
1991,F
1993,G
1995,G
1997,A
1999,F
2001,F
2003,G
2005,G
2007,G
2009,G
2011,F
2013,G
2015,G
2017,G
2019,F
2021,G
2023,G
2025,D
2027,G
2029,G
2031,E
2033,G
2035,D
2037,G
2039,G
2041,F
2043,G
2045,G
2047,G
2049,G
2051,E
2053,G
2055,D
2057,E
2059,G
2061,G
2063,G
2065,F
2067,E
2069,G
2071,E
2073,G
2075,D
2077,G
2079,G
2081,F
2083,G
2085,F
2087,G
2089,E
2091,G
2093,G
2095,G
2097,G
2099,E
2101,E
2103,F
2105,F
2107,F
2109,G
2111,E
2113,G
2115,G
2117,F
2119,G
2121,G
2123,G
2125,E
2127,G
2129,G
2131,C
2133,F
2135,E
2137,G
2139,G
2141,D
2143,F
2145,D
2147,G
2149,D
2151,E
2153,A
2155,G
2157,G
2159,G
2161,E
2163,D
2165,A
2167,G
2169,E
2171,E
2173,G
2175,E
2177,F
2179,D
2181,D
2183,G
2185,B
2187,F
2189,E
2191,E
2193,E
2195,G
2197,F
2199,G
2201,E
2203,F
2205,E
2207,E
2209,C
2211,D
2213,F
2215,F
2217,G
2219,A
2221,E
2223,D
2225,G
2227,F
2229,D
2231,F
2233,E
2235,A
2237,F
2239,G
2241,D
2243,G
2245,F
2247,F
2249,G
2251,D
2253,E
2255,F
2257,F
2259,G
2261,G
2263,F
2265,F
2267,D
2269,D
2271,F
2273,F
2275,G
2277,F
2279,F
2281,F
2283,G
2285,F
2287,E
2289,F
2291,G
2293,G
2295,G
2297,E
2299,D
2301,G
2303,F
2305,D
2307,F
2309,F
2311,F
2313,G
2315,F
2317,G
2319,F
2321,E
2323,F
2325,D
2327,F
2329,G
2331,C
2333,F
2335,G
2337,F
2339,E
2341,G
2343,G
2345,E
2347,G
2349,G
2351,D
2353,G
2355,A
2357,F
2359,G
2361,E
2363,G
2365,D
2367,G
2369,B
2371,G
2373,F
2375,G
2377,E
2379,E
2381,G
2383,E
2385,G
2387,E
2389,D
2391,G
2393,F
2395,F
2397,D
2399,E
2401,E
2403,C
2405,G
2407,F
2409,G
2411,G
2413,F
2415,A
2417,G
2419,A
2421,E
2423,A
2425,F
2427,F
2429,D
2431,F
2433,E
2435,D
2437,G
2439,G
2441,D
2443,G
2445,D
2447,G
2449,F
2451,E
2453,G
2455,E
2457,F
2459,G
2461,E
2463,E
2465,D
2467,D
2469,D
2471,G
2473,F
2475,F
2477,G
2479,F
2481,F
2483,E
2485,G
2487,C
2489,G
2491,G
2493,F
2495,D
2497,G
2499,A
2501,G
2503,F
2505,E
2507,G
2509,F
2511,F
2513,G
2515,F
2517,G
2519,C
2521,G
2523,G
2525,D
2527,F
2529,C
2531,G
2533,A
2535,G
2537,F
2539,G
2541,F
2543,F
2545,G
2547,D
2549,D
2551,G
2553,E
2555,E
2557,G
2559,E
2561,G
2563,G
2565,F
2567,G
2569,E
2571,F
2573,A
2575,F
2577,F
2579,F
2581,F
2583,G
2585,G
2587,F
2589,D
2591,G
2593,D
2595,F
2597,G
2599,G
2601,F
2603,G
2605,E
2607,F
2609,G
2611,E
2613,D
2615,F
2617,G
2619,G
2621,F
2623,G
2625,G
2627,G
2629,F
2631,D
2633,D
2635,A
2637,D
2639,E
2641,F
2643,F
2645,G
2647,A
2649,G
2651,G
2653,G
2655,E
2657,G
2659,G
2661,D
2663,E
2665,F
2667,E
2669,F
2671,E
2673,C
2675,G
2677,F
2679,G
2681,G
2683,D
2685,G
2687,G
2689,F
2691,E
2693,G
2695,F
2697,E
2699,G
2701,F
2703,D
2705,F
2707,E
2709,D
2711,G
2713,E
2715,F
2717,F
2719,F
2721,E
2723,G
2725,F
2727,F
2729,D
2731,F
2733,F
2735,E
2737,D
2739,F
2741,D
2743,F
2745,E
2747,F
2749,D
2751,D
2753,B
2755,D
2757,F
2759,D
2761,D
2763,E
2765,D
2767,F
2769,D
2771,F
2773,F
2775,F
2777,F
2779,D
2781,D
2783,D
2785,E
2787,F
2789,E
2791,D
2793,E
2795,F
2797,G
2799,F
2801,A
2803,F
2805,G
2807,F
2809,F
2811,G
2813,G
2815,G
2817,D
2819,E
2821,D
2823,D
2825,E
2827,G
2829,D
2831,F
2833,E
2835,D
2837,C
2839,D
2841,E
2843,E
2845,D
2847,D
2849,E
2851,D
2853,D
2855,D
2857,D
2859,C
2861,E
2863,D
2865,E
2867,D
2869,D
2871,D
2873,E
2875,B
2877,A
2879,F
2881,A
2883,A
2885,D
2887,D
2889,F
2891,E
2893,E
2895,D
2897,D
2899,D
2901,D
2903,F
2905,G
2907,F
2909,E
2911,B
2913,D
2915,E
2917,E
2919,D
2921,E
2923,E
2925,C
2927,E
2929,F
2931,F
2933,D
2935,D
2937,D
2939,D
2941,F
2943,D
2945,G
2947,G
2949,E
2951,F
2953,G
2955,E
2957,D
2959,D
2961,D
2963,D
2965,E
2967,C
2969,E
2971,F
2973,F
2975,E
2977,E
2979,E
2981,D
2983,E
2985,D
2987,D
2989,A
2991,E
2993,A
2995,D
2997,E
2999,C
3001,F
3003,D
3005,D
3007,F
3009,F
3011,F
3013,E
3015,D
3017,F
3019,D
3021,A
3023,D
3025,D
3027,D
3029,E
3031,E
3033,B
3035,E
3037,E
3039,D
3041,D
3043,F
3045,D
3047,B
3049,G
3051,G
3053,E
3055,E
3057,F
3059,E
3061,B
3063,D
3065,E
3067,B
3069,F
3071,D
3073,D
3075,E
3077,E
3079,C
3081,G
3083,F
3085,E
3087,E
3089,F
3091,F
3093,F
3095,G
3097,F
3099,D
3101,G
3103,E
3105,F
3107,D
3109,F
3111,D
3113,C
3115,F
3117,D
3119,D
3121,D
3123,D
3125,E
3127,D
3129,D
3131,D
3133,D
3135,D
3137,A
3139,E
3141,D
3143,D
3145,E
3147,F
3149,D
3151,D
3153,D
3155,E
3157,B
3159,D
3161,B
3163,D
3165,F
3167,E
3169,E
3171,E
3173,D
3175,A
3177,A
3179,E
3181,F
3183,E
3185,D
3187,E
3189,E
3191,B
3193,E
3195,E
3197,D
3199,D
3201,E
3203,D
3205,F
3207,A
3209,G
3211,A
3213,D
3215,D
3217,F
3219,D
3221,F
3223,E
3225,D
3227,E
3229,D
3231,E
3233,D
3235,C
3237,F
3239,F
3241,G
3243,E
3245,E
3247,E
3249,F
3251,E
3253,E
3255,E
3257,B
3259,D
3261,A
3263,A
3265,F
3267,D
3269,E
3271,D
3273,G
3275,D
3277,F
3279,D
3281,E
3283,D
3285,E
3287,E
3289,A
3291,G
3293,E
3295,F
3297,E
3299,F
3301,D
3303,D
3305,E
3307,D
3309,E
3311,F
3313,E
3315,E
3317,E
3319,B
3321,F
3323,F
3325,D
3327,E
3329,F
3331,D
3333,A
3335,E
3337,D
3339,D
3341,F
3343,F
3345,D
3347,D
3349,E
3351,E
3353,E
3355,F
3357,G
3359,E
3361,E
3363,D
3365,F
3367,F
3369,E
3371,F
3373,E
3375,E
3377,D
3379,D
3381,D
3383,B
3385,D
3387,B
3389,G
3391,D
3393,E
3395,E
3397,D
3399,E
3401,E
3403,D
3405,D
3407,G
3409,E
3411,D
3413,B
3415,B
3417,E
3419,G
3421,E
3423,D
3425,D
3427,D
3429,E
3431,E
3433,E
3435,E
3437,D
3439,D
3441,G
3443,F
3445,F
3447,B
3449,E
3451,F
3453,D
3455,E
3457,F
3459,D
3461,D
3463,D
3465,D
3467,A
3469,D
3471,F
3473,D
3475,F
3477,A
3479,E
3481,F
3483,D
3485,D
3487,E
3489,G
3491,G
3493,E
3495,D
3497,C
3499,B
3501,E
3503,D
3505,E
3507,D
3509,C
3511,A
3513,B
3515,E
3517,G
3519,D
3521,A
3523,D
3525,F
3527,D
3529,F
3531,D
3533,E
3535,D
3537,D
3539,E
3541,E
3543,F
3545,E
3547,F
3549,D
3551,D
3553,F
3555,F
3557,E
3559,D
3561,E
3563,D
3565,E
3567,E
3569,D
3571,E
3573,E
3575,D
3577,E
3579,E
3581,D
3583,E
3585,F
3587,E
3589,B
3591,F
3593,D
3595,D
3597,F
3599,E
3601,B
3603,G
3605,F
3607,D
3609,E
3611,D
3613,D
3615,G
3617,A
3619,D
3621,F
3623,F
3625,F
3627,B
3629,D
3631,F
3633,D
3635,E
3637,E
3639,G
3641,F
3643,G
3645,D
3647,B
3649,F
3651,F
3653,F
3655,G
3657,E
3659,E
3661,D
3663,E
3665,F
3667,G
3669,D
3671,E
3673,D
3675,G
3677,G
3679,E
3681,A
3683,E
3685,E
3687,E
3689,G
3691,E
3693,D
3695,E
3697,E
3699,E
3701,B
3703,E
3705,D
3707,F
3709,C
3711,A
3713,D
3715,E
3717,G
3719,D
3721,D
3723,B
3725,F
3727,E
3729,D
3731,F
3733,G
3735,D
3737,E
3739,B
3741,D
3743,D
3745,D
3747,E
3749,F
3751,G
3753,D
3755,D
3757,D
3759,D
3761,F
3763,G
3765,F
3767,E
3769,F
3771,D
3773,E
3775,F
3777,D
3779,E
3781,E
3783,F
3785,A
3787,E
3789,A
3791,E
3793,D
3795,D
3797,B
3799,G
3801,E
3803,D
3805,D
3807,B
3809,D
3811,D
3813,D
3815,D
3817,G
3819,A
3821,D
3823,D
3825,D
3827,G
3829,F
3831,D
3833,D
3835,B
3837,F
3839,A
3841,A
3843,E
3845,E
3847,F
3849,E
3851,F
3853,D
3855,F
3857,F
3859,F
3861,A
3863,F
3865,A
3867,D
3869,D
3871,D
3873,A
3875,E
3877,D
3879,F
3881,E
3883,E
3885,G
3887,D
3889,D
3891,D
3893,E
3895,E
3897,D
3899,D
3901,E
3903,B
3905,E
3907,C
3909,B
3911,D
3913,A
3915,D
3917,D
3919,A
3921,C
3923,D
3925,D
3927,B
3929,G
3931,C
3933,D
3935,F
3937,D
3939,D
3941,G
3943,E
3945,E
3947,D
3949,A
3951,G
3953,D
3955,D
3957,F
3959,E
3961,D
3963,F
3965,D
3967,E
3969,D
3971,D
3973,D
3975,F
3977,E
3979,A
3981,B
3983,D
3985,D
3987,B
3989,G
3991,E
3993,G
3995,E
3997,D
3999,F
4001,G
4003,D
4005,B
4007,D
4009,D
4011,F
4013,D
4015,E
4017,G
4019,E
4021,D
4023,E
4025,D
4027,F
4029,D
4031,E
4033,E
4035,E
4037,D
4039,D
4041,D
4043,D
4045,E
4047,D
4049,G
4051,E
4053,D
4055,B
4057,D
4059,D
4061,F
4063,A
4065,D
4067,D
4069,E
4071,D
4073,D
4075,E
4077,E
4079,E
4081,D
4083,E
4085,A
4087,D
4089,D
4091,D
4093,F
4095,F
4097,D
4099,D
4101,D
4103,G
4105,D
4107,B
4109,A
4111,D
4113,D
4115,G
4117,D
4119,D
4121,E
4123,D
4125,F
4127,D
4129,F
4131,D
4133,D
4135,G
4137,D
4139,G
4141,D
4143,G
4145,D
4147,E
4149,E
4151,E
4153,E
4155,E
4157,F
4159,E
4161,A
4163,D
4165,A
4167,G
4169,F
4171,F
4173,G
4175,D
4177,E
4179,E
4181,G
4183,D
4185,G
4187,G
4189,A
4191,E
4193,D
4195,G
4197,D
4199,D
4201,D
4203,F
4205,E
4207,E
4209,F
4211,D
4213,G
4215,D
4217,D
4219,D
4221,G
4223,E
4225,E
4227,D
4229,E
4231,E
4233,D
4235,F
4237,D
4239,A
4241,D
4243,F
4245,D
4247,G
4249,D
4251,E
4253,D
4255,E
4257,B
4259,E
4261,A
4263,E
4265,D
4267,E
4269,D
4271,B
4273,D
4275,F
4277,E
4279,E
4281,E
4283,D
4285,D
4287,D
4289,D
4291,F
4293,D
4295,D
4297,F
4299,B
4301,E
4303,A
4305,F
4307,G
4309,D
4311,D
4313,A
4315,F
4317,E
4319,E
4321,D
4323,F
4325,D
4327,E
4329,E
4331,A
4333,E
4335,D
4337,D
4339,D
4341,B
4343,D
4345,E
4347,D
4349,E
4351,E
4353,E
4355,E
4357,E
4359,E
4361,E
4363,A
4365,B
4367,D
4369,A
4371,D
4373,E
4375,D
4377,D
4379,E
4381,D
4383,E
4385,E
4387,F
4389,D
4391,A
4393,F
4395,D
4397,D
4399,B
4401,D
4403,E
4405,E
4407,B
4409,B
4411,E
4413,E
4415,E
4417,D
4419,D
4421,F
4423,G
4425,E
4427,F
4429,C
4431,G
4433,D
4435,D
4437,G
4439,B
4441,D
4443,D
4445,B
4447,E
4449,D
4451,G
4453,D
4455,D
4457,C
4459,F
4461,D
4463,E
4465,D
4467,A
4469,D
4471,D
4473,A
4475,F
4477,D
4479,E
4481,D
4483,D
4485,E
4487,D
4489,F
4491,D
4493,B
4495,D
4497,D
4499,F
4501,E
4503,D
4505,A
4507,D
4509,F
4511,D
4513,D
4515,D
4517,B
4519,D
4521,E
4523,E
4525,B
4527,F
4529,F
4531,D
4533,F
4535,A
4537,G
4539,B
4541,E
4543,D
4545,F
4547,E
4549,G
4551,D
4553,F
4555,D
4557,D
4559,F
4561,D
4563,F
4565,D
4567,E
4569,G
4571,E
4573,E
4575,F
4577,E
4579,E
4581,E
4583,E
4585,E
4587,E
4589,D
4591,F
4593,D
4595,E
4597,D
4599,D
4601,E
4603,E
4605,D
4607,D
4609,E
4611,E
4613,E
4615,D
4617,D
4619,E
4621,F
4623,A
4625,E
4627,B
4629,E
4631,F
4633,G
4635,D
4637,F
4639,F
4641,E
4643,E
4645,G
4647,E
4649,A
4651,F
4653,F
4655,A
4657,F
4659,F
4661,E
4663,F
4665,D
4667,D
4669,E
4671,A
4673,E
4675,D
4677,G
4679,E
4681,G
4683,D
4685,E
4687,D
4689,E
4691,B
4693,G
4695,E
4697,F
4699,D
4701,D
4703,E
4705,E
4707,E
4709,F
4711,F
4713,E
4715,E
4717,A
4719,D
4721,D
4723,D
4725,D
4727,D
4729,E
4731,G
4733,B
4735,D
4737,D
4739,A
4741,E
4743,A
4745,D
4747,F
4749,D
4751,E
4753,F
4755,E
4757,E
4759,D
4761,A
4763,A
4765,F
4767,E
4769,F
4771,F
4773,F
4775,D
4777,D
4779,B
4781,D
4783,D
4785,C
4787,E
4789,F
4791,D
4793,D
4795,B
4797,D
4799,D
4801,E
4803,E
4805,A
4807,A
4809,D
4811,D
4813,G
4815,E
4817,D
4819,F
4821,D
4823,F
4825,D
4827,E
4829,D
4831,D
4833,D
4835,G
4837,G
4839,E
4841,G
4843,D
4845,E
4847,E
4849,B
4851,B
4853,E
4855,F
4857,E
4859,D
4861,G
4863,E
4865,D
4867,E
4869,A
4871,D
4873,F
4875,F
4877,D
4879,D
4881,D
4883,B
4885,D
4887,D
4889,F
4891,F
4893,E
4895,A
4897,E
4899,E
4901,D
4903,D
4905,D
4907,D
4909,E
4911,D
4913,E
4915,D
4917,F
4919,E
4921,E
4923,E
4925,E
4927,G
4929,C
4931,F
4933,F
4935,E
4937,E
4939,B
4941,E
4943,D
4945,D
4947,E
4949,F
4951,E
4953,D
4955,G
4957,F
4959,E
4961,E
4963,B
4965,E
4967,F
4969,A
4971,G
4973,F
4975,D
4977,D
4979,D
4981,G
4983,E
4985,D
4987,D
4989,E
4991,D
4993,A
4995,G
4997,D
4999,G
5001,E
5003,B
5005,D
5007,G
5009,D
5011,D
5013,F
5015,E
5017,A
5019,E
5021,B
5023,E
5025,F
5027,D
5029,D
5031,G
5033,E
5035,E
5037,G
5039,D
5041,E
5043,F
5045,F
5047,E
5049,G
5051,F
5053,E
5055,E
5057,D
5059,D
5061,A
5063,D
5065,D
5067,F
5069,D
5071,E
5073,D
5075,E
5077,D
5079,A
5081,E
5083,E
5085,F
5087,D
5089,E
5091,E
5093,E
5095,F
5097,F
5099,G
5101,E
5103,F
5105,E
5107,E
5109,E
5111,F
5113,A
5115,E
5117,E
5119,E
5121,E
5123,F
5125,E
5127,E
5129,G
5131,E
5133,E
5135,E
5137,A
5139,A
5141,A
5143,E
5145,E
5147,B
5149,C
5151,E
5153,A
5155,E
5157,F
5159,F
5161,E
5163,E
5165,F
5167,B
5169,E
5171,E
5173,F
5175,F
5177,E
5179,E
5181,E
5183,E
5185,E
5187,E
5189,E
5191,G
5193,E
5195,E
5197,E
5199,E
5201,B
5203,E
5205,C
5207,A
5209,A
5211,C
5213,E
5215,A
5217,E
5219,E
5221,C
5223,E
5225,E
5227,B
5229,E
5231,F
5233,E
5235,B
5237,E
5239,C
5241,G
5243,F
5245,G
5247,A
5249,C
5251,E
5253,B
5255,A
5257,G
5259,A
5261,E
5263,E
5265,E
5267,F
5269,G
5271,E
5273,E
5275,E
5277,A
5279,E
5281,E
5283,B
5285,E
5287,E
5289,E
5291,A
5293,F
5295,E
5297,E
5299,G
5301,E
5303,E
5305,G
5307,E
5309,A
5311,E
5313,B
5315,F
5317,C
5319,C
5321,B
5323,E
5325,E
5327,B
5329,A
5331,E
5333,A
5335,A
5337,B
5339,B
5341,A
5343,A
5345,A
5347,C
5349,A
5351,A
5353,E
5355,C
5357,A
5359,A
5361,B
5363,E
5365,E
5367,E
5369,E
5371,B
5373,A
5375,B
5377,A
5379,A
5381,B
5383,B
5385,B
5387,E
5389,A
5391,A
5393,A
5395,A
5397,A
5399,E
5401,B
5403,A
5405,B
5407,E
5409,A
5411,C
5413,A
5415,A
5417,B
5419,E
5421,B
5423,E
5425,A
5427,E
5429,C
5431,E
5433,A
5435,B
5437,A
5439,E
5441,C
5443,B
5445,B
5447,C
5449,A
5451,B
5453,E
5455,B
5457,E
5459,E
5461,E
5463,B
5465,A
5467,E
5469,A
5471,E
5473,F
5475,A
5477,B
5479,A
5481,A
5483,B
5485,B
5487,A
5489,B
5491,A
5493,A
5495,A
5497,A
5499,C
5501,A
5503,C
5505,B
5507,B
5509,A
5511,F
5513,E
5515,A
5517,C
5519,B
5521,E
5523,B
5525,B
5527,A
5529,A
5531,E
5533,E
5535,A
5537,F
5539,E
5541,B
5543,A
5545,A
5547,A
5549,E
5551,E
5553,E
5555,E
5557,A
5559,B
5561,A
5563,A
5565,A
5567,B
5569,E
5571,A
5573,E
5575,E
5577,A
5579,A
5581,E
5583,A
5585,A
5587,E
5589,A
5591,A
5593,E
5595,A
5597,E
5599,C
5601,A
5603,B
5605,C
5607,F
5609,B
5611,E
5613,B
5615,C
5617,A
5619,A
5621,A
5623,B
5625,E
5627,E
5629,E
5631,A
5633,C
5635,C
5637,A
5639,C
5641,C
5643,B
5645,E
5647,E
5649,A
5651,C
5653,B
5655,C
5657,A
5659,A
5661,B
5663,B
5665,B
5667,C
5669,B
5671,A
5673,E
5675,E
5677,A
5679,E
5681,B
5683,E
5685,E
5687,A
5689,A
5691,E
5693,A
5695,A
5697,A
5699,A
5701,A
5703,C
5705,C
5707,A
5709,E
5711,A
5713,A
5715,E
5717,E
5719,A
5721,F
5723,B
5725,B
5727,A
5729,E
5731,B
5733,E
5735,E
5737,B
5739,E
5741,E
5743,C
5745,B
5747,A
5749,A
5751,E
5753,B
5755,F
5757,C
5759,A
5761,E
5763,B
5765,B
5767,A
5769,B
5771,A
5773,A
5775,E
5777,A
5779,A
5781,B
5783,A
5785,A
5787,A
5789,E
5791,A
5793,A
5795,B
5797,C
5799,A
5801,B
5803,A
5805,A
5807,C
5809,B
5811,A
5813,C
5815,C
5817,B
5819,E
5821,A
5823,E
5825,C
5827,C
5829,B
5831,A
5833,E
5835,B
5837,E
5839,B
5841,A
5843,A
5845,A
5847,B
5849,A
5851,C
5853,A
5855,E
5857,E
5859,B
5861,A
5863,E
5865,A
5867,E
5869,C
5871,A
5873,B
5875,E
5877,A
5879,B
5881,E
5883,B
5885,B
5887,E
5889,A
5891,E
5893,B
5895,E
5897,A
5899,A
5901,A
5903,A
5905,E
5907,E
5909,B
5911,A
5913,B
5915,B
5917,C
5919,E
5921,B
5923,A
5925,E
5927,A
5929,B
5931,A
5933,B
5935,A
5937,E
5939,A
5941,A
5943,A
5945,B
5947,B
5949,E
5951,C
5953,A
5955,E
5957,A
5959,E
5961,E
5963,E
5965,B
5967,E
5969,A
5971,A
5973,F
5975,A
5977,B
5979,A
5981,B
5983,E
5985,B
5987,A
5989,E
5991,A
5993,A
5995,A
5997,A
5999,F
6001,E
6003,E
6005,G
6007,E
6009,E
6011,C
6013,B
6015,E
6017,C
6019,A
6021,E
6023,A
6025,B
6027,E
6029,E
6031,A
6033,A
6035,A
6037,E
6039,A
6041,A
6043,A
6045,E
6047,A
6049,A
6051,C
6053,A
6055,E
6057,A
6059,E
6061,A
6063,A
6065,E
6067,C
6069,B
6071,A
6073,B
6075,A
6077,B
6079,A
6081,A
6083,A
6085,B
6087,A
6089,C
6091,A
6093,E
6095,A
6097,E
6099,A
6101,B
6103,B
6105,A
6107,E
6109,C
6111,C
6113,C
6115,A
6117,B
6119,A
6121,E
6123,A
6125,B
6127,A
6129,A
6131,B
6133,A
6135,B
6137,A
6139,C
6141,E
6143,E
6145,C
6147,E
6149,A
6151,A
6153,B
6155,A
6157,F
6159,A
6161,E
6163,A
6165,E
6167,B
6169,A
6171,F
6173,E
6175,A
6177,B
6179,E
6181,B
6183,A
6185,A
6187,A
6189,A
6191,A
6193,B
6195,E
6197,B
6199,B
6201,E
6203,A
6205,E
6207,E
6209,A
6211,A
6213,E
6215,E
6217,A
6219,B
6221,E
6223,B
6225,E
6227,C
6229,B
6231,A
6233,A
6235,E
6237,E
6239,B
6241,A
6243,E
6245,A
6247,E
6249,A
6251,E
6253,A
6255,A
6257,B
6259,E
6261,B
6263,B
6265,A
6267,A
6269,B
6271,B
6273,E
6275,B
6277,A
6279,A
6281,E
6283,E
6285,E
6287,A
6289,C
6291,A
6293,E
6295,C
6297,E
6299,B
6301,C
6303,C
6305,E
6307,E
6309,B
6311,A
6313,A
6315,E
6317,E
6319,B
6321,B
6323,C
6325,A
6327,A
6329,A
6331,A
6333,A
6335,B
6337,C
6339,A
6341,E
6343,A
6345,A
6347,B
6349,A
6351,E
6353,B
6355,E
6357,B
6359,A
6361,A
6363,A
6365,A
6367,A
6369,A
6371,A
6373,A
6375,A
6377,A
6379,A
6381,E
6383,A
6385,F
6387,B
6389,C
6391,E
6393,C
6395,A
6397,E
6399,F
6401,A
6403,B
6405,E
6407,E
6409,C
6411,B
6413,A
6415,A
6417,B
6419,B
6421,A
6423,A
6425,E
6427,B
6429,E
6431,C
6433,A
6435,B
6437,A
6439,A
6441,E
6443,E
6445,A
6447,E
6449,A
6451,A
6453,C
6455,C
6457,C
6459,B
6461,E
6463,B
6465,E
6467,E
6469,E
6471,E
6473,A
6475,B
6477,E
6479,A
6481,B
6483,A
6485,B
6487,A
6489,A
6491,F
6493,A
6495,E
6497,E
6499,C
6501,A
6503,E
6505,B
6507,B
6509,A
6511,A
6513,E
6515,A
6517,C
6519,A
6521,F
6523,A
6525,B
6527,B
6529,A
6531,B
6533,F
6535,E
6537,E
6539,E
6541,A
6543,A
6545,B
6547,F
6549,B
6551,B
6553,B
6555,E
6557,A
6559,A
6561,E
6563,A
6565,A
6567,A
6569,B
6571,B
6573,A
6575,A
6577,A
6579,C
6581,E
6583,A
6585,A
6587,A
6589,E
6591,E
6593,E
6595,B
6597,C
6599,B
6601,E
6603,A
6605,B
6607,A
6609,B
6611,B
6613,C
6615,A
6617,A
6619,A
6621,B
6623,A
6625,B
6627,B
6629,A
6631,A
6633,B
